SDSU,Zoom,College / Uni
Syracuse,Zoom,College / Uni
Inver Hills,Zoom,HS
JHU,Zoom,College / Uni
Manhasset,Zoom,HS
UC Berkley,Zoom,College / Uni
Cornell University,Zoom,College / Uni
Fordham University,Zoom,College / Uni
Bentley University,Zoom,College / Uni
Marist College,Zoom,College / Uni
Muhlenberg College,Zoom,College / Uni
RPI,Webex,College / Uni
Princeton University,Zoom,College / Uni
Port Washington,Zoom,HS
Lake (OH),Zoom,HS
College Prep (CA),Zoom,HS
Great Neck North,Zoom,HS
Binghamton U,Zoom,College / Uni
Stout,Microsoft Teams,HS
Moundsview,Collaborate Ultra,HS
Bryn Mawr College,Zoom,College / Uni
Unlisted,Google Meetings,HS
Poquoson,Zoom,HS
Geneva,Microsoft Teams,HS
Davidson College,Zoom,College / Uni
Providence College,Zoom,College / Uni
Villanova University,Zoom,College / Uni
University of Colorado,Zoom,College / Uni
Adelphi University,Zoom,College / Uni
Naval Academy,Google Meet,College / Uni
Gonzago,Zoom,HS
Campolindo,Zoom,HS
Bellevue,Microsoft Teams,HS
Jesuit (OR),Zoom,HS
Montana State,Microsoft Teams,College / Uni
Unlisted,Collaborate Ultra,HS
Cal Poly,Zoom,College / Uni
Dartmouth College,Zoom,College / Uni
Duke University,Zoom,College / Uni
Washington University,Zoom,College / Uni
Wake Forest,Zoom,College / Uni
Penn State,Zoom,College / Uni
University of Pennsylvania,Zoom,College / Uni
University of Pennsylvania,BlueJeans,College / Uni
Texas A&M,Zoom,College / Uni
NYIT,Zoom,College / Uni
George Washington University,Zoom,College / Uni
University of Virginia,Zoom,College / Uni
University of Delaware,Zoom,College / Uni
SUNY Cortland,Webex,College / Uni
Adelophi University,Moodle,College / Uni
SUNY New Paltz,Collaborate Ultra,College / Uni
Loyola Maryland,Zoom,College / Uni
Northwestern,Zoom,College / Uni
Lakeview,Zoom,HS
USC,Zoom,College / Uni
University of Toronto,Zoom,College / Uni
Tulane University,Zoom,College / Uni
Georgetown University,Zoom,College / Uni
Nassau Community College,Zoom,College / Uni
Jefferson,Zoom,HS
Osseo,Zoom,HS
CU Boulder,Zoom,College / Uni
Quinnipiac University,Zoom,College / Uni
Harvard University,Zoom,College / Uni
University of Pittsburgh,Zoom,College / Uni
